Cantidad de Elementos,Comparaciones Promedio
10,4
10,4
10,2
10,2
10,2
10,4
10,2
10,3
10,3
10,3
10,3
10,1
10,2
10,2
10,3
10,3
10,4
10,3
10,3
10,2
10,4
10,4
10,4
10,4
10,2
10,4
10,1
10,3
10,3
10,4
10,4
10,3
10,1
10,3
10,1
10,4
10,4
10,4
10,1
10,3
10,1
10,2
10,1
10,3
10,3
10,4
10,3
10,3
10,1
10,3
10,2
10,3
10,2
10,2
10,4
10,3
10,1
10,3
10,3
10,2
10,4
10,3
10,2
10,3
10,4
10,4
10,3
10,3
10,1
10,4
10,1
10,3
10,1
10,4
10,3
10,3
10,2
10,4
10,4
10,3
100,6
100,6
100,7
100,7
100,8
100,5
100,4
100,6
100,7
100,7
100,5
100,7
100,7
100,7
100,8
100,6
100,7
100,7
100,5
100,5
100,6
100,7
100,3
100,7
100,6
100,7
100,7
100,7
100,7
100,4
100,8
100,6
100,8
100,5
100,6
100,7
100,7
100,8
100,6
100,7
100,8
100,6
100,8
100,2
100,7
100,6
100,2
100,7
100,5
100,6
100,7
100,6
100,6
100,3
100,5
100,3
100,7
100,5
100,8
100,7
100,6
100,6
100,7
100,5
100,2
100,7
100,8
100,4
100,6
100,7
100,5
100,3
100,5
100,8
100,8
100,6
100,3
100,7
100,6
100,7
200,7
200,7
200,8
200,6
200,7
200,8
200,6
200,3
200,5
200,6
200,4
200,9
200,5
200,8
200,7
200,9
200,8
200,8
200,8
200,8
200,7
200,7
200,7
200,6
200,8
200,8
200,8
200,7
200,5
200,7
200,8
200,6
200,8
200,7
200,6
200,2
200,5
200,8
200,3
200,7
200,8
200,9
200,3
200,8
200,8
200,3
200,7
200,5
200,8
200,5
200,8
200,7
200,7
200,8
200,6
200,5
200,8
200,7
200,6
200,4
200,9
200,7
200,5
200,6
200,6
200,8
200,7
200,7
200,8
200,7
200,7
200,7
200,6
200,7
200,7
200,8
200,8
200,8
200,8
200,6
300,8
300,6
300,2
300,6
300,6
300,8
300,7
300,9
300,8
300,8
300,8
300,8
300,3
300,8
300,6
300,8
300,7
300,7
300,10
300,6
300,8
300,9
300,5
300,9
300,5
300,9
300,7
300,8
300,8
300,10
300,8
300,8
300,7
300,7
300,8
300,6
300,5
300,7
300,8
300,8
300,8
300,8
300,8
300,6
300,8
300,8
300,10
300,8
300,5
300,9
300,6
300,10
300,5
300,6
300,6
300,8
300,10
300,8
300,8
300,9
300,9
300,8
300,8
300,7
300,9
300,3
300,2
300,8
300,6
300,6
300,7
300,8
300,6
300,8
300,8
300,10
300,8
300,2
300,7
300,3
400,9
400,8
400,9
400,8
400,8
400,9
400,6
400,8
400,6
400,9
400,9
400,9
400,8
400,8
400,9
400,8
400,8
400,8
400,8
400,8
400,9
400,8
400,6
400,6
400,8
400,10
400,7
400,6
400,8
400,3
400,8
400,9
400,8
400,6
400,7
400,9
400,8
400,9
400,9
400,10
400,5
400,8
400,7
400,9
400,3
400,8
400,7
400,8
400,8
400,9
400,6
400,5
400,6
400,2
400,8
400,7
400,9
400,8
400,8
400,9
400,8
400,7
400,10
400,9
400,9
400,9
400,8
400,8
400,5
400,9
400,9
400,9
400,8
400,8
400,10
400,8
400,3
400,6
400,6
400,9
500,8
500,8
500,8
500,6
500,8
500,10
500,9
500,8
500,7
500,9
500,10
500,9
500,9
500,8
500,9
500,9
500,8
500,9
500,8
500,9
500,9
500,10
500,6
500,9
500,8
500,10
500,9
500,9
500,8
500,7
500,7
500,9
500,10
500,8
500,10
500,5
500,8
500,8
500,9
500,9
500,8
500,9
500,9
500,7
500,9
500,8
500,10
500,9
500,6
500,8
500,9
500,9
500,10
500,9
500,9
500,9
500,8
500,10
500,9
500,11
500,8
500,8
500,10
500,8
500,4
500,8
500,10
500,9
500,7
500,8
500,8
500,9
500,7
500,8
500,10
500,9
500,6
500,9
500,7
500,8
600,10
600,8
600,6
600,9
600,8
600,10
600,5
600,9
600,10
600,8
600,8
600,10
600,9
600,9
600,9
600,10
600,9
600,10
600,9
600,5
600,7
600,9
600,10
600,9
600,9
600,9
600,11
600,7
600,10
600,8
600,4
600,9
600,7
600,7
600,10
600,10
600,10
600,6
600,11
600,9
600,7
600,8
600,10
600,5
600,4
600,10
600,10
600,7
600,8
600,8
600,11
600,8
600,10
600,10
600,10
600,10
600,9
600,6
600,9
600,10
600,9
600,8
600,9
600,8
600,8
600,8
600,9
600,6
600,8
600,8
600,10
600,10
600,6
600,9
600,6
600,9
600,5
600,5
600,10
600,6
700,10
700,9
700,8
700,10
700,9
700,8
700,6
700,6
700,7
700,8
700,8
700,10
700,11
700,9
700,6
700,11
700,10
700,11
700,5
700,6
700,9
700,10
700,11
700,9
700,9
700,6
700,8
700,6
700,9
700,9
700,7
700,10
700,9
700,6
700,8
700,8
700,5
700,9
700,9
700,10
700,6
700,9
700,10
700,7
700,10
700,9
700,10
700,11
700,8
700,6
700,11
700,11
700,10
700,9
700,9
700,6
700,8
700,4
700,8
700,10
700,9
700,8
700,8
700,10
700,8
700,7
700,9
700,10
700,8
700,7
700,7
700,9
700,10
700,9
700,9
700,10
700,7
700,9
700,10
700,9
800,9
800,9
800,4
800,9
800,9
800,11
800,8
800,10
800,9
800,8
800,9
800,9
800,9
800,10
800,11
800,8
800,9
800,10
800,10
800,10
800,9
800,9
800,11
800,8
800,6
800,7
800,8
800,5
800,9
800,9
800,9
800,9
800,9
800,7
800,8
800,10
800,5
800,10
800,11
800,8
800,11
800,10
800,7
800,7
800,8
800,6
800,11
800,7
800,5
800,11
800,9
800,8
800,10
800,11
800,8
800,11
800,9
800,10
800,7
800,11
800,9
800,9
800,7
800,9
800,7
800,11
800,10
800,6
800,9
800,9
800,10
800,7
800,10
800,8
800,7
800,11
800,10
800,9
800,9
800,10
900,10
900,9
900,10
900,10
900,9
900,9
900,10
900,10
900,11
900,10
900,9
900,10
900,9
900,10
900,10
900,7
900,9
900,11
900,6
900,11
900,11
900,11
900,5
900,9
900,10
900,7
900,10
900,10
900,9
900,10
900,11
900,9
900,10
900,11
900,10
900,6
900,11
900,9
900,11
900,8
900,10
900,7
900,10
900,7
900,6
900,11
900,6
900,9
900,8
900,11
900,9
900,9
900,8
900,9
900,10
900,10
900,10
900,12
900,10
900,10
900,9
900,7
900,8
900,7
900,9
900,10
900,6
900,12
900,9
900,10
900,8
900,8
900,10
900,7
900,9
900,9
900,7
900,7
900,7
900,12
1000,6
1000,7
1000,9
1000,12
1000,9
1000,11
1000,9
1000,10
1000,9
1000,8
1000,11
1000,10
1000,5
1000,6
1000,8
1000,10
1000,10
1000,9
1000,6
1000,9
1000,10
1000,12
1000,10
1000,10
1000,7
1000,10
1000,11
1000,6
1000,11
1000,7
1000,9
1000,11
1000,11
1000,8
1000,11
1000,11
1000,11
1000,12
1000,10
1000,10
1000,10
1000,8
1000,11
1000,6
1000,9
1000,8
1000,12
1000,9
1000,12
1000,12
1000,9
1000,9
1000,8
1000,9
1000,11
1000,9
1000,9
1000,9
1000,9
1000,10
1000,10
1000,6
1000,11
1000,3
1000,9
1000,5
1000,12
1000,4
1000,11
1000,8
1000,8
1000,11
1000,10
1000,9
1000,5
1000,10
1000,11
1000,8
1000,11
1000,5
1100,8
1100,8
1100,10
1100,10
1100,11
1100,11
1100,10
1100,9
1100,11
1100,10
1100,7
1100,10
1100,8
1100,10
1100,11
1100,11
1100,12
1100,10
1100,6
1100,6
1100,6
1100,8
1100,10
1100,9
1100,7
1100,11
1100,8
1100,9
1100,8
1100,9
1100,10
1100,9
1100,11
1100,10
1100,11
1100,12
1100,9
1100,8
1100,11
1100,10
1100,10
1100,9
1100,5
1100,10
1100,11
1100,10
1100,9
1100,10
1100,10
1100,7
1100,10
1100,11
1100,11
1100,9
1100,11
1100,10
1100,7
1100,10
1100,10
1100,5
1100,8
1100,8
1100,9
1100,10
1100,9
1100,6
1100,10
1100,10
1100,10
1100,10
1100,10
1100,11
1100,10
1100,11
1100,11
1100,10
1100,7
1100,8
1100,10
1100,8
1200,9
1200,9
1200,11
1200,10
1200,10
1200,11
1200,10
1200,10
1200,11
1200,10
1200,9
1200,8
1200,10
1200,10
1200,12
1200,10
1200,11
1200,10
1200,6
1200,9
1200,10
1200,10
1200,11
1200,10
1200,10
1200,11
1200,11
1200,12
1200,7
1200,9
1200,5
1200,9
1200,11
1200,11
1200,10
1200,10
1200,10
1200,10
1200,9
1200,10
1200,11
1200,10
1200,12
1200,10
1200,10
1200,11
1200,4
1200,12
1200,10
1200,10
1200,10
1200,12
1200,7
1200,11
1200,10
1200,9
1200,8
1200,10
1200,5
1200,12
1200,10
1200,10
1200,7
1200,11
1200,6
1200,10
1200,10
1200,10
1200,8
1200,8
1200,9
1200,10
1200,9
1200,9
1200,10
1200,11
1200,11
1200,10
1200,10
1200,7
1300,10
1300,11
1300,10
1300,11
1300,10
1300,4
1300,11
1300,11
1300,7
1300,7
1300,11
1300,10
1300,11
1300,10
1300,11
1300,13
1300,8
1300,12
1300,10
1300,11
1300,10
1300,7
1300,8
1300,10
1300,11
1300,12
1300,12
1300,8
1300,12
1300,10
1300,11
1300,10
1300,9
1300,10
1300,11
1300,8
1300,11
1300,8
1300,11
1300,7
1300,8
1300,9
1300,9
1300,10
1300,7
1300,12
1300,11
1300,11
1300,8
1300,10
1300,12
1300,8
1300,10
1300,9
1300,8
1300,8
1300,10
1300,7
1300,5
1300,11
1300,8
1300,2
1300,11
1300,9
1300,12
1300,10
1300,9
1300,7
1300,9
1300,9
1300,12
1300,11
1300,11
1300,12
1300,10
1300,12
1300,10
1300,10
1300,10
1300,11
1400,7
1400,10
1400,11
1400,12
1400,9
1400,8
1400,11
1400,8
1400,11
1400,10
1400,10
1400,9
1400,9
1400,10
1400,8
1400,11
1400,10
1400,10
1400,9
1400,10
1400,7
1400,11
1400,11
1400,10
1400,9
1400,9
1400,12
1400,11
1400,9
1400,8
1400,8
1400,11
1400,11
1400,9
1400,12
1400,4
1400,11
1400,9
1400,10
1400,11
1400,9
1400,10
1400,11
1400,10
1400,10
1400,10
1400,11
1400,10
1400,7
1400,10
1400,11
1400,12
1400,4
1400,8
1400,3
1400,9
1400,11
1400,11
1400,12
1400,10
1400,10
1400,12
1400,9
1400,12
1400,5
1400,8
1400,9
1400,9
1400,12
1400,10
1400,12
1400,11
1400,11
1400,11
1400,9
1400,11
1400,10
1400,11
1400,10
1400,9
1500,10
1500,10
1500,10
1500,11
1500,11
1500,11
1500,10
1500,6
1500,12
1500,11
1500,11
1500,9
1500,7
1500,10
1500,8
1500,9
1500,12
1500,11
1500,10
1500,9
1500,10
1500,9
1500,9
1500,11
1500,10
1500,9
1500,7
1500,12
1500,10
1500,8
1500,10
1500,10
1500,10
1500,8
1500,11
1500,6
1500,8
1500,8
1500,11
1500,9
1500,11
1500,12
1500,8
1500,8
1500,10
1500,8
1500,11
1500,11
1500,10
1500,12
1500,10
1500,10
1500,11
1500,10
1500,10
1500,12
1500,10
1500,10
1500,10
1500,11
1500,8
1500,10
1500,11
1500,11
1500,6
1500,10
1500,11
1500,10
1500,7
1500,10
1500,10
1500,9
1500,7
1500,9
1500,10
1500,12
1500,10
1500,10
1500,11
1500,9
1600,11
1600,10
1600,9
1600,10
1600,13
1600,11
1600,12
1600,11
1600,7
1600,7
1600,12
1600,11
1600,12
1600,12
1600,8
1600,11
1600,5
1600,11
1600,12
1600,11
1600,8
1600,12
1600,10
1600,10
1600,11
1600,10
1600,9
1600,8
1600,12
1600,12
1600,9
1600,11
1600,10
1600,11
1600,11
1600,10
1600,8
1600,11
1600,10
1600,12
1600,11
1600,11
1600,11
1600,3
1600,9
1600,10
1600,11
1600,10
1600,13
1600,12
1600,8
1600,10
1600,8
1600,11
1600,11
1600,7
1600,8
1600,13
1600,9
1600,10
1600,9
1600,11
1600,10
1600,14
1600,9
1600,8
1600,9
1600,8
1600,10
1600,10
1600,8
1600,11
1600,9
1600,12
1600,9
1600,13
1600,11
1600,10
1600,8
1600,11
1700,9
1700,10
1700,10
1700,12
1700,10
1700,12
1700,11
1700,11
1700,10
1700,11
1700,10
1700,10
1700,9
1700,11
1700,12
1700,10
1700,8
1700,11
1700,8
1700,9
1700,9
1700,12
1700,10
1700,10
1700,10
1700,10
1700,12
1700,10
1700,11
1700,12
1700,3
1700,12
1700,11
1700,10
1700,9
1700,11
1700,11
1700,8
1700,3
1700,10
1700,9
1700,9
1700,11
1700,13
1700,12
1700,8
1700,11
1700,10
1700,7
1700,10
1700,12
1700,11
1700,11
1700,12
1700,11
1700,11
1700,11
1700,12
1700,10
1700,9
1700,8
1700,9
1700,11
1700,3
1700,8
1700,12
1700,11
1700,10
1700,9
1700,12
1700,13
1700,9
1700,12
1700,12
1700,13
1700,11
1700,12
1700,7
1700,10
1700,12
1800,8
1800,10
1800,9
1800,11
1800,10
1800,9
1800,11
1800,9
1800,9
1800,11
1800,11
1800,11
1800,12
1800,8
1800,12
1800,12
1800,10
1800,9
1800,11
1800,11
1800,9
1800,12
1800,5
1800,10
1800,11
1800,10
1800,10
1800,11
1800,13
1800,11
1800,6
1800,9
1800,12
1800,10
1800,9
1800,11
1800,10
1800,12
1800,11
1800,10
1800,11
1800,10
1800,11
1800,11
1800,10
1800,10
1800,11
1800,13
1800,10
1800,12
1800,8
1800,11
1800,11
1800,10
1800,8
1800,2
1800,6
1800,11
1800,11
1800,12
1800,10
1800,11
1800,11
1800,11
1800,10
1800,10
1800,11
1800,11
1800,11
1800,10
1800,11
1800,10
1800,11
1800,9
1800,10
1800,11
1800,11
1800,10
1800,9
1800,10
1900,9
1900,10
1900,11
1900,10
1900,11
1900,12
1900,11
1900,10
1900,11
1900,10
1900,12
1900,9
1900,11
1900,12
1900,11
1900,10
1900,10
1900,12
1900,10
1900,10
1900,12
1900,10
1900,11
1900,12
1900,11
1900,11
1900,10
1900,10
1900,9
1900,11
1900,12
1900,11
1900,13
1900,9
1900,11
1900,6
1900,10
1900,11
1900,10
1900,10
1900,11
1900,12
1900,12
1900,8
1900,10
1900,11
1900,5
1900,10
1900,10
1900,9
1900,9
1900,8
1900,9
1900,10
1900,10
1900,11
1900,12
1900,10
1900,11
1900,6
1900,9
1900,8
1900,9
1900,11
1900,11
1900,7
1900,10
1900,12
1900,11
1900,11
1900,10
1900,10
1900,7
1900,9
1900,12
1900,9
1900,10
1900,10
1900,11
1900,11
2000,10
2000,11
2000,9
2000,10
2000,7
2000,12
2000,12
2000,13
2000,11
2000,12
2000,13
2000,8
2000,13
2000,9
2000,11
2000,11
2000,10
2000,11
2000,12
2000,11
2000,11
2000,10
2000,8
2000,10
2000,8
2000,8
2000,12
2000,5
2000,13
2000,10
2000,9
2000,9
2000,11
2000,6
2000,10
2000,10
2000,10
2000,11
2000,13
2000,11
2000,7
2000,11
2000,5
2000,13
2000,4
2000,11
2000,7
2000,7
2000,12
2000,10
2000,12
2000,10
2000,11
2000,11
2000,11
2000,10
2000,9
2000,11
2000,11
2000,10
2000,12
2000,13
2000,7
2000,9
2000,7
2000,6
2000,7
2000,12
2000,6
2000,8
2000,12
2000,10
2000,9
2000,9
2000,11
2000,12
2000,10
2000,11
2000,11
2000,11
2100,8
2100,12
2100,7
2100,12
2100,11
2100,11
2100,11
2100,12
2100,12
2100,10
2100,11
2100,10
2100,12
2100,12
2100,11
2100,11
2100,11
2100,11
2100,11
2100,3
2100,11
2100,9
2100,12
2100,11
2100,11
2100,11
2100,12
2100,13
2100,12
2100,11
2100,8
2100,14
2100,7
2100,7
2100,11
2100,5
2100,9
2100,11
2100,8
2100,8
2100,12
2100,9
2100,12
2100,12
2100,13
2100,12
2100,9
2100,11
2100,11
2100,10
2100,9
2100,12
2100,8
2100,11
2100,12
2100,10
2100,11
2100,11
2100,10
2100,10
2100,9
2100,12
2100,9
2100,7
2100,11
2100,12
2100,10
2100,10
2100,11
2100,10
2100,11
2100,7
2100,12
2100,10
2100,10
2100,9
2100,12
2100,11
2100,11
2100,11
2200,8
2200,7
2200,12
2200,10
2200,8
2200,10
2200,11
2200,10
2200,10
2200,11
2200,11
2200,10
2200,11
2200,6
2200,9
2200,10
2200,12
2200,12
2200,12
2200,11
2200,12
2200,11
2200,6
2200,11
2200,9
2200,12
2200,10
2200,10
2200,11
2200,9
2200,10
2200,12
2200,9
2200,12
2200,9
2200,11
2200,13
2200,8
2200,12
2200,12
2200,11
2200,10
2200,7
2200,2
2200,11
2200,10
2200,9
2200,11
2200,9
2200,9
2200,12
2200,11
2200,10
2200,11
2200,12
2200,11
2200,12
2200,12
2200,5
2200,6
2200,10
2200,12
2200,10
2200,12
2200,9
2200,10
2200,10
2200,11
2200,7
2200,11
2200,10
2200,11
2200,9
2200,11
2200,10
2200,11
2200,13
2200,8
2200,8
2200,13
2300,10
2300,7
2300,12
2300,12
2300,10
2300,13
2300,12
2300,9
2300,11
2300,11
2300,8
2300,9
2300,10
2300,11
2300,10
2300,9
2300,10
2300,12
2300,11
2300,10
2300,9
2300,11
2300,12
2300,10
2300,11
2300,8
2300,7
2300,9
2300,8
2300,11
2300,11
2300,12
2300,13
2300,12
2300,12
2300,12
2300,7
2300,11
2300,11
2300,7
2300,10
2300,11
2300,9
2300,11
2300,11
2300,12
2300,11
2300,13
2300,8
2300,11
2300,10
2300,8
2300,9
2300,10
2300,10
2300,12
2300,9
2300,12
2300,11
2300,9
2300,7
2300,4
2300,12
2300,8
2300,11
2300,11
2300,11
2300,11
2300,10
2300,13
2300,10
2300,11
2300,9
2300,13
2300,12
2300,11
2300,7
2300,12
2300,11
2300,12
2400,10
2400,10
2400,11
2400,11
2400,13
2400,13
2400,11
2400,9
2400,11
2400,14
2400,10
2400,12
2400,11
2400,11
2400,13
2400,12
2400,11
2400,11
2400,12
2400,12
2400,13
2400,13
2400,13
2400,10
2400,12
2400,8
2400,11
2400,11
2400,12
2400,10
2400,7
2400,10
2400,13
2400,7
2400,9
2400,10
2400,11
2400,11
2400,10
2400,11
2400,12
2400,12
2400,12
2400,10
2400,12
2400,11
2400,12
2400,10
2400,9
2400,7
2400,12
2400,10
2400,10
2400,9
2400,12
2400,11
2400,10
2400,12
2400,11
2400,9
2400,8
2400,10
2400,13
2400,12
2400,9
2400,11
2400,11
2400,10
2400,13
2400,9
2400,8
2400,12
2400,13
2400,9
2400,9
2400,11
2400,6
2400,8
2400,9
2400,12
2500,11
2500,4
2500,11
2500,9
2500,10
2500,11
2500,11
2500,12
2500,12
2500,13
2500,7
2500,10
2500,10
2500,10
2500,13
2500,10
2500,11
2500,12
2500,9
2500,12
2500,11
2500,11
2500,8
2500,12
2500,12
2500,11
2500,13
2500,9
2500,9
2500,11
2500,11
2500,12
2500,11
2500,11
2500,12
2500,11
2500,12
2500,10
2500,10
2500,9
2500,7
2500,10
2500,11
2500,9
2500,9
2500,10
2500,11
2500,10
2500,12
2500,10
2500,10
2500,10
2500,9
2500,6
2500,9
2500,11
2500,11
2500,11
2500,10
2500,13
2500,11
2500,10
2500,12
2500,11
2500,11
2500,9
2500,12
2500,12
2500,9
2500,11
2500,10
2500,12
2500,7
2500,12
2500,12
2500,12
2500,8
2500,11
2500,12
2500,10
2600,7
2600,11
2600,10
2600,12
2600,11
2600,11
2600,11
2600,13
2600,10
2600,11
2600,10
2600,12
2600,9
2600,14
2600,10
2600,10
2600,12
2600,10
2600,12
2600,9
2600,12
2600,11
2600,13
2600,10
2600,11
2600,12
2600,9
2600,11
2600,10
2600,10
2600,12
2600,10
2600,11
2600,12
2600,10
2600,12
2600,5
2600,9
2600,10
2600,5
2600,11
2600,9
2600,13
2600,12
2600,10
2600,8
2600,10
2600,12
2600,6
2600,11
2600,13
2600,9
2600,11
2600,12
2600,10
2600,9
2600,10
2600,10
2600,11
2600,11
2600,12
2600,7
2600,11
2600,11
2600,12
2600,12
2600,5
2600,10
2600,8
2600,10
2600,12
2600,12
2600,10
2600,12
2600,8
2600,12
2600,10
2600,10
2600,10
2600,10
2700,12
2700,10
2700,12
2700,13
2700,11
2700,10
2700,13
2700,10
2700,12
2700,13
2700,9
2700,10
2700,11
2700,13
2700,13
2700,11
2700,11
2700,10
2700,13
2700,10
2700,11
2700,12
2700,10
2700,12
2700,11
2700,10
2700,12
2700,10
2700,12
2700,14
2700,13
2700,12
2700,11
2700,9
2700,12
2700,11
2700,12
2700,11
2700,11
2700,9
2700,12
2700,14
2700,11
2700,11
2700,12
2700,11
2700,8
2700,11
2700,12
2700,11
2700,10
2700,11
2700,12
2700,10
2700,13
2700,13
2700,12
2700,6
2700,12
2700,12
2700,13
2700,13
2700,10
2700,5
2700,11
2700,12
2700,12
2700,12
2700,12
2700,12
2700,14
2700,10
2700,12
2700,11
2700,11
2700,10
2700,11
2700,13
2700,12
2700,9
2800,5
2800,10
2800,13
2800,11
2800,10
2800,11
2800,10
2800,12
2800,9
2800,11
2800,12
2800,13
2800,13
2800,12
2800,10
2800,7
2800,14
2800,13
2800,8
2800,11
2800,11
2800,12
2800,10
2800,11
2800,11
2800,13
2800,12
2800,11
2800,11
2800,8
2800,12
2800,11
2800,6
2800,11
2800,10
2800,8
2800,12
2800,11
2800,11
2800,12
2800,12
2800,11
2800,11
2800,11
2800,12
2800,12
2800,13
2800,11
2800,13
2800,11
2800,12
2800,10
2800,12
2800,11
2800,12
2800,12
2800,9
2800,12
2800,13
2800,13
2800,12
2800,11
2800,11
2800,7
2800,12
2800,11
2800,8
2800,12
2800,10
2800,13
2800,11
2800,13
2800,10
2800,5
2800,11
2800,9
2800,14
2800,12
2800,13
2800,13
2900,13
2900,12
2900,12
2900,4
2900,9
2900,9
2900,13
2900,11
2900,9
2900,12
2900,9
2900,7
2900,11
2900,8
2900,8
2900,10
2900,8
2900,11
2900,12
2900,13
2900,11
2900,13
2900,10
2900,10
2900,10
2900,13
2900,10
2900,11
2900,9
2900,11
2900,11
2900,10
2900,12
2900,10
2900,8
2900,11
2900,9
2900,10
2900,12
2900,7
2900,11
2900,14
2900,11
2900,12
2900,6
2900,9
2900,10
2900,12
2900,11
2900,12
2900,12
2900,10
2900,13
2900,11
2900,12
2900,11
2900,10
2900,10
2900,12
2900,9
2900,12
2900,11
2900,10
2900,11
2900,12
2900,7
2900,10
2900,8
2900,8
2900,11
2900,12
2900,9
2900,9
2900,10
2900,11
2900,11
2900,12
2900,10
2900,13
2900,10
3000,11
3000,11
3000,10
3000,9
3000,11
3000,14
3000,13
3000,10
3000,11
3000,13
3000,11
3000,11
3000,13
3000,11
3000,7
3000,10
3000,13
3000,11
3000,9
3000,11
3000,12
3000,12
3000,12
3000,11
3000,12
3000,13
3000,14
3000,11
3000,11
3000,11
3000,13
3000,7
3000,11
3000,13
3000,11
3000,11
3000,9
3000,10
3000,12
3000,11
3000,13
3000,13
3000,12
3000,8
3000,8
3000,11
3000,11
3000,10
3000,9
3000,13
3000,9
3000,12
3000,12
3000,10
3000,13
3000,13
3000,11
3000,11
3000,7
3000,11
3000,11
3000,13
3000,11
3000,12
3000,11
3000,12
3000,8
3000,11
3000,9
3000,13
3000,10
3000,13
3000,9
3000,11
3000,12
3000,10
3000,10
3000,12
3000,12
3000,9
3100,11
3100,12
3100,11
3100,8
3100,11
3100,10
3100,8
3100,11
3100,11
3100,13
3100,10
3100,6
3100,10
3100,12
3100,13
3100,13
3100,9
3100,10
3100,12
3100,12
3100,12
3100,13
3100,10
3100,12
3100,11
3100,10
3100,13
3100,11
3100,9
3100,8
3100,6
3100,9
3100,13
3100,13
3100,10
3100,12
3100,12
3100,10
3100,14
3100,11
3100,9
3100,13
3100,11
3100,13
3100,9
3100,11
3100,11
3100,10
3100,10
3100,7
3100,11
3100,9
3100,12
3100,11
3100,11
3100,10
3100,11
3100,11
3100,12
3100,9
3100,9
3100,12
3100,12
3100,12
3100,12
3100,10
3100,12
3100,11
3100,11
3100,11
3100,13
3100,11
3100,11
3100,13
3100,13
3100,10
3100,10
3100,10
3100,11
3100,12
3200,12
3200,11
3200,10
3200,13
3200,11
3200,11
3200,12
3200,12
3200,11
3200,10
3200,13
3200,13
3200,11
3200,4
3200,11
3200,8
3200,10
3200,10
3200,9
3200,8
3200,12
3200,14
3200,12
3200,9
3200,11
3200,12
3200,11
3200,11
3200,12
3200,13
3200,11
3200,11
3200,9
3200,12
3200,10
3200,10
3200,10
3200,11
3200,3
3200,12
3200,11
3200,12
3200,12
3200,10
3200,10
3200,13
3200,10
3200,9
3200,12
3200,10
3200,10
3200,11
3200,11
3200,11
3200,12
3200,11
3200,11
3200,10
3200,14
3200,12
3200,10
3200,11
3200,11
3200,12
3200,11
3200,11
3200,12
3200,11
3200,11
3200,9
3200,11
3200,12
3200,11
3200,7
3200,11
3200,14
3200,14
3200,12
3200,11
3200,12
3300,5
3300,10
3300,13
3300,9
3300,11
3300,10
3300,6
3300,12
3300,3
3300,8
3300,10
3300,12
3300,12
3300,11
3300,12
3300,10
3300,11
3300,10
3300,11
3300,10
3300,13
3300,10
3300,12
3300,13
3300,12
3300,10
3300,10
3300,13
3300,13
3300,11
3300,11
3300,12
3300,12
3300,10
3300,13
3300,11
3300,13
3300,11
3300,13
3300,9
3300,12
3300,8
3300,13
3300,13
3300,12
3300,12
3300,10
3300,9
3300,12
3300,12
3300,13
3300,10
3300,10
3300,11
3300,14
3300,11
3300,12
3300,11
3300,12
3300,11
3300,11
3300,12
3300,10
3300,13
3300,10
3300,10
3300,12
3300,11
3300,12
3300,12
3300,10
3300,11
3300,11
3300,12
3300,14
3300,11
3300,13
3300,11
3300,12
3300,13
3400,11
3400,12
3400,11
3400,11
3400,10
3400,13
3400,12
3400,11
3400,12
3400,11
3400,12
3400,11
3400,13
3400,11
3400,11
3400,9
3400,7
3400,13
3400,13
3400,9
3400,13
3400,8
3400,9
3400,9
3400,12
3400,9
3400,11
3400,10
3400,10
3400,11
3400,8
3400,11
3400,11
3400,12
3400,12
3400,11
3400,10
3400,6
3400,11
3400,11
3400,9
3400,13
3400,13
3400,12
3400,12
3400,11
3400,12
3400,6
3400,11
3400,13
3400,14
3400,9
3400,12
3400,13
3400,13
3400,11
3400,11
3400,10
3400,6
3400,13
3400,14
3400,11
3400,13
3400,12
3400,10
3400,11
3400,12
3400,11
3400,10
3400,11
3400,13
3400,9
3400,12
3400,10
3400,10
3400,9
3400,13
3400,12
3400,12
3400,9
3500,12
3500,12
3500,11
3500,12
3500,13
3500,12
3500,11
3500,13
3500,10
3500,13
3500,11
3500,13
3500,10
3500,10
3500,12
3500,12
3500,6
3500,13
3500,12
3500,11
3500,8
3500,13
3500,11
3500,12
3500,13
3500,13
3500,9
3500,11
3500,10
3500,11
3500,12
3500,11
3500,11
3500,11
3500,12
3500,11
3500,12
3500,11
3500,12
3500,13
3500,11
3500,14
3500,12
3500,13
3500,12
3500,13
3500,11
3500,12
3500,13
3500,11
3500,12
3500,11
3500,10
3500,10
3500,11
3500,11
3500,8
3500,11
3500,12
3500,9
3500,12
3500,12
3500,12
3500,10
3500,9
3500,12
3500,11
3500,10
3500,13
3500,11
3500,12
3500,13
3500,9
3500,12
3500,12
3500,13
3500,10
3500,7
3500,11
3500,11
3600,11
3600,13
3600,11
3600,10
3600,12
3600,10
3600,10
3600,11
3600,13
3600,10
3600,12
3600,12
3600,9
3600,12
3600,12
3600,13
3600,12
3600,13
3600,9
3600,12
3600,10
3600,12
3600,7
3600,11
3600,11
3600,8
3600,11
3600,11
3600,12
3600,13
3600,12
3600,10
3600,11
3600,12
3600,10
3600,11
3600,12
3600,10
3600,8
3600,8
3600,13
3600,12
3600,12
3600,13
3600,11
3600,13
3600,13
3600,13
3600,11
3600,11
3600,11
3600,10
3600,12
3600,10
3600,11
3600,12
3600,10
3600,7
3600,12
3600,13
3600,12
3600,12
3600,13
3600,7
3600,13
3600,11
3600,8
3600,12
3600,11
3600,12
3600,12
3600,12
3600,11
3600,13
3600,12
3600,13
3600,9
3600,8
3600,11
3600,12
3700,11
3700,11
3700,8
3700,13
3700,12
3700,9
3700,8
3700,8
3700,10
3700,12
3700,11
3700,11
3700,11
3700,10
3700,12
3700,14
3700,9
3700,13
3700,10
3700,12
3700,12
3700,12
3700,11
3700,10
3700,6
3700,14
3700,12
3700,12
3700,11
3700,11
3700,11
3700,8
3700,12
3700,9
3700,13
3700,13
3700,14
3700,10
3700,10
3700,11
3700,11
3700,12
3700,11
3700,12
3700,9
3700,11
3700,11
3700,12
3700,6
3700,10
3700,12
3700,12
3700,12
3700,10
3700,12
3700,14
3700,11
3700,12
3700,13
3700,10
3700,12
3700,10
3700,11
3700,14
3700,13
3700,8
3700,13
3700,11
3700,11
3700,7
3700,13
3700,12
3700,10
3700,13
3700,12
3700,13
3700,12
3700,9
3700,11
3700,12
3800,13
3800,11
3800,11
3800,13
3800,11
3800,12
3800,13
3800,9
3800,10
3800,12
3800,13
3800,8
3800,13
3800,13
3800,11
3800,10
3800,10
3800,12
3800,12
3800,12
3800,11
3800,13
3800,11
3800,13
3800,10
3800,13
3800,12
3800,10
3800,10
3800,13
3800,11
3800,11
3800,13
3800,12
3800,12
3800,13
3800,10
3800,9
3800,13
3800,9
3800,12
3800,10
3800,10
3800,12
3800,12
3800,12
3800,14
3800,10
3800,13
3800,12
3800,11
3800,12
3800,12
3800,11
3800,10
3800,13
3800,12
3800,13
3800,12
3800,12
3800,11
3800,10
3800,12
3800,13
3800,12
3800,13
3800,12
3800,12
3800,12
3800,9
3800,11
3800,9
3800,12
3800,9
3800,11
3800,14
3800,12
3800,10
3800,10
3800,11
3900,13
3900,12
3900,13
3900,11
3900,9
3900,13
3900,12
3900,10
3900,13
3900,12
3900,13
3900,12
3900,13
3900,13
3900,13
3900,12
3900,12
3900,13
3900,13
3900,14
3900,11
3900,11
3900,11
3900,8
3900,12
3900,13
3900,11
3900,12
3900,13
3900,13
3900,12
3900,10
3900,11
3900,13
3900,11
3900,14
3900,11
3900,12
3900,10
3900,12
3900,10
3900,12
3900,11
3900,12
3900,12
3900,11
3900,12
3900,10
3900,13
3900,13
3900,10
3900,12
3900,13
3900,9
3900,12
3900,12
3900,12
3900,10
3900,13
3900,9
3900,12
3900,11
3900,12
3900,12
3900,12
3900,10
3900,11
3900,8
3900,12
3900,13
3900,12
3900,12
3900,13
3900,11
3900,12
3900,13
3900,12
3900,10
3900,11
3900,12
4000,12
4000,11
4000,13
4000,12
4000,10
4000,12
4000,13
4000,11
4000,11
4000,9
4000,8
4000,10
4000,11
4000,12
4000,12
4000,11
4000,12
4000,9
4000,12
4000,11
4000,10
4000,12
4000,12
4000,12
4000,8
4000,13
4000,8
4000,13
4000,12
4000,13
4000,3
4000,9
4000,6
4000,12
4000,12
4000,9
4000,12
4000,10
4000,10
4000,13
4000,13
4000,13
4000,9
4000,6
4000,11
4000,7
4000,11
4000,11
4000,11
4000,11
4000,10
4000,12
4000,11
4000,13
4000,12
4000,12
4000,10
4000,9
4000,12
4000,11
4000,12
4000,7
4000,13
4000,14
4000,12
4000,11
4000,13
4000,13
4000,12
4000,13
4000,12
4000,12
4000,10
4000,11
4000,14
4000,10
4000,10
4000,13
4000,12
4000,12
4100,11
4100,12
4100,11
4100,10
4100,7
4100,14
4100,12
4100,9
4100,8
4100,11
4100,12
4100,9
4100,11
4100,8
4100,10
4100,11
4100,12
4100,12
4100,10
4100,13
4100,13
4100,11
4100,12
4100,12
4100,12
4100,10
4100,12
4100,10
4100,12
4100,10
4100,10
4100,12
4100,12
4100,12
4100,11
4100,12
4100,13
4100,10
4100,11
4100,12
4100,9
4100,10
4100,10
4100,10
4100,13
4100,12
4100,4
4100,11
4100,13
4100,12
4100,11
4100,14
4100,14
4100,11
4100,8
4100,12
4100,8
4100,10
4100,12
4100,13
4100,13
4100,13
4100,13
4100,14
4100,12
4100,13
4100,14
4100,11
4100,12
4100,12
4100,13
4100,12
4100,13
4100,12
4100,9
4100,14
4100,12
4100,10
4100,12
4100,11
4200,11
4200,10
4200,14
4200,11
4200,12
4200,12
4200,9
4200,9
4200,12
4200,13
4200,13
4200,13
4200,10
4200,14
4200,11
4200,10
4200,12
4200,11
4200,12
4200,11
4200,13
4200,13
4200,11
4200,11
4200,12
4200,13
4200,10
4200,12
4200,11
4200,11
4200,12
4200,12
4200,13
4200,11
4200,5
4200,11
4200,8
4200,12
4200,13
4200,12
4200,11
4200,11
4200,12
4200,13
4200,9
4200,13
4200,13
4200,8
4200,13
4200,13
4200,11
4200,12
4200,11
4200,10
4200,9
4200,12
4200,12
4200,12
4200,13
4200,12
4200,12
4200,12
4200,12
4200,10
4200,10
4200,11
4200,12
4200,13
4200,11
4200,11
4200,11
4200,12
4200,12
4200,11
4200,12
4200,14
4200,13
4200,12
4200,13
4200,12
4300,12
4300,13
4300,13
4300,11
4300,10
4300,11
4300,11
4300,11
4300,12
4300,12
4300,11
4300,12
4300,12
4300,11
4300,5
4300,11
4300,10
4300,11
4300,11
4300,9
4300,13
4300,14
4300,11
4300,12
4300,11
4300,12
4300,11
4300,11
4300,11
4300,12
4300,12
4300,9
4300,9
4300,12
4300,8
4300,12
4300,13
4300,12
4300,13
4300,14
4300,6
4300,11
4300,12
4300,10
4300,11
4300,12
4300,11
4300,10
4300,11
4300,13
4300,12
4300,12
4300,13
4300,13
4300,13
4300,13
4300,7
4300,11
4300,11
4300,12
4300,14
4300,12
4300,9
4300,12
4300,11
4300,11
4300,12
4300,10
4300,13
4300,12
4300,13
4300,13
4300,11
4300,12
4300,12
4300,14
4300,11
4300,12
4300,11
4300,8
4400,10
4400,8
4400,12
4400,10
4400,11
4400,12
4400,7
4400,11
4400,12
4400,11
4400,12
4400,13
4400,6
4400,10
4400,12
4400,6
4400,14
4400,12
4400,11
4400,11
4400,12
4400,10
4400,13
4400,12
4400,13
4400,10
4400,12
4400,12
4400,12
4400,13
4400,11
4400,11
4400,11
4400,14
4400,11
4400,14
4400,11
4400,11
4400,3
4400,12
4400,12
4400,10
4400,12
4400,12
4400,12
4400,14
4400,13
4400,13
4400,10
4400,10
4400,13
4400,13
4400,11
4400,12
4400,12
4400,10
4400,11
4400,10
4400,12
4400,13
4400,8
4400,14
4400,13
4400,12
4400,12
4400,12
4400,13
4400,13
4400,11
4400,11
4400,8
4400,14
4400,13
4400,12
4400,11
4400,13
4400,11
4400,11
4400,10
4400,11
4500,12
4500,13
4500,12
4500,8
4500,10
4500,10
4500,12
4500,11
4500,10
4500,12
4500,13
4500,10
4500,11
4500,12
4500,13
4500,11
4500,11
4500,10
4500,11
4500,11
4500,9
4500,10
4500,9
4500,6
4500,9
4500,9
4500,8
4500,11
4500,10
4500,13
4500,11
4500,11
4500,11
4500,13
4500,10
4500,10
4500,9
4500,12
4500,9
4500,14
4500,10
4500,14
4500,9
4500,10
4500,12
4500,13
4500,9
4500,11
4500,11
4500,11
4500,10
4500,10
4500,12
4500,12
4500,10
4500,12
4500,12
4500,11
4500,12
4500,10
4500,10
4500,13
4500,12
4500,12
4500,12
4500,12
4500,11
4500,11
4500,14
4500,13
4500,12
4500,12
4500,13
4500,11
4500,12
4500,10
4500,14
4500,13
4500,13
4500,13
4600,12
4600,7
4600,13
4600,11
4600,14
4600,8
4600,13
4600,12
4600,9
4600,12
4600,12
4600,12
4600,13
4600,12
4600,12
4600,13
4600,12
4600,13
4600,12
4600,11
4600,12
4600,13
4600,14
4600,12
4600,12
4600,12
4600,14
4600,12
4600,12
4600,12
4600,10
4600,10
4600,12
4600,12
4600,13
4600,10
4600,12
4600,13
4600,12
4600,13
4600,12
4600,11
4600,13
4600,12
4600,11
4600,10
4600,10
4600,11
4600,10
4600,13
4600,12
4600,12
4600,13
4600,12
4600,11
4600,10
4600,12
4600,10
4600,12
4600,12
4600,12
4600,11
4600,10
4600,13
4600,11
4600,12
4600,10
4600,13
4600,10
4600,11
4600,10
4600,8
4600,7
4600,13
4600,10
4600,13
4600,12
4600,12
4600,10
4600,13
4700,12
4700,11
4700,11
4700,11
4700,8
4700,9
4700,14
4700,10
4700,12
4700,11
4700,12
4700,9
4700,10
4700,13
4700,13
4700,12
4700,13
4700,13
4700,11
4700,14
4700,11
4700,8
4700,13
4700,6
4700,12
4700,12
4700,12
4700,13
4700,12
4700,11
4700,12
4700,11
4700,14
4700,11
4700,11
4700,12
4700,9
4700,13
4700,13
4700,11
4700,13
4700,8
4700,10
4700,12
4700,7
4700,13
4700,14
4700,10
4700,11
4700,11
4700,13
4700,14
4700,11
4700,7
4700,9
4700,12
4700,11
4700,13
4700,12
4700,11
4700,13
4700,10
4700,14
4700,13
4700,13
4700,13
4700,12
4700,12
4700,11
4700,12
4700,11
4700,14
4700,11
4700,9
4700,12
4700,12
4700,12
4700,14
4700,12
4700,13
4800,12
4800,13
4800,13
4800,12
4800,11
4800,12
4800,13
4800,12
4800,12
4800,11
4800,11
4800,12
4800,13
4800,10
4800,13
4800,13
4800,11
4800,13
4800,11
4800,13
4800,14
4800,13
4800,11
4800,10
4800,13
4800,14
4800,8
4800,12
4800,12
4800,12
4800,9
4800,8
4800,12
4800,13
4800,10
4800,12
4800,11
4800,11
4800,8
4800,13
4800,11
4800,12
4800,7
4800,12
4800,13
4800,11
4800,12
4800,11
4800,10
4800,13
4800,7
4800,12
4800,11
4800,10
4800,13
4800,13
4800,13
4800,14
4800,12
4800,11
4800,6
4800,10
4800,11
4800,12
4800,11
4800,11
4800,11
4800,9
4800,12
4800,11
4800,11
4800,12
4800,5
4800,13
4800,13
4800,10
4800,12
4800,12
4800,11
4800,12
4900,11
4900,13
4900,4
4900,13
4900,12
4900,10
4900,10
4900,12
4900,12
4900,12
4900,12
4900,11
4900,14
4900,12
4900,2
4900,11
4900,10
4900,11
4900,13
4900,12
4900,13
4900,12
4900,12
4900,13
4900,11
4900,11
4900,14
4900,12
4900,7
4900,13
4900,13
4900,12
4900,10
4900,10
4900,12
4900,11
4900,11
4900,13
4900,12
4900,11
4900,12
4900,13
4900,12
4900,14
4900,10
4900,4
4900,12
4900,13
4900,11
4900,11
4900,14
4900,12
4900,10
4900,13
4900,8
4900,12
4900,14
4900,12
4900,13
4900,11
4900,9
4900,11
4900,11
4900,13
4900,13
4900,13
4900,13
4900,12
4900,12
4900,14
4900,14
4900,13
4900,12
4900,12
4900,11
4900,10
4900,12
4900,11
4900,12
4900,9
5000,14
5000,9
5000,11
5000,11
5000,12
5000,11
5000,12
5000,14
5000,10
5000,13
5000,12
5000,13
5000,13
5000,14
5000,10
5000,13
5000,8
5000,12
5000,14
5000,13
5000,14
5000,12
5000,11
5000,14
5000,10
5000,12
5000,13
5000,12
5000,13
5000,13
5000,12
5000,13
5000,12
5000,13
5000,12
5000,11
5000,11
5000,13
5000,8
5000,13
5000,13
5000,12
5000,13
5000,8
5000,13
5000,14
5000,13
5000,13
5000,10
5000,12
5000,12
5000,12
5000,11
5000,12
5000,13
5000,12
5000,8
5000,12
5000,11
5000,14
5000,10
5000,12
5000,13
5000,9
5000,11
5000,13
5000,12
5000,14
5000,12
5000,13
5000,13
5000,12
5000,8
5000,9
5000,11
5000,13
5000,13
5000,13
5000,14
5000,12
5100,12
5100,12
5100,9
5100,12
5100,11
5100,14
5100,13
5100,10
5100,11
5100,10
5100,9
5100,14
5100,12
5100,12
5100,12
5100,12
5100,11
5100,11
5100,12
5100,8
5100,13
5100,12
5100,14
5100,9
5100,13
5100,11
5100,13
5100,12
5100,13
5100,14
5100,9
5100,10
5100,10
5100,12
5100,14
5100,12
5100,8
5100,8
5100,12
5100,10
5100,12
5100,11
5100,10
5100,12
5100,11
5100,12
5100,13
5100,9
5100,12
5100,13
5100,14
5100,12
5100,12
5100,9
5100,13
5100,12
5100,9
5100,12
5100,12
5100,5
5100,13
5100,14
5100,12
5100,12
5100,9
5100,14
5100,11
5100,12
5100,12
5100,13
5100,13
5100,13
5100,12
5100,12
5100,11
5100,13
5100,13
5100,10
5100,13
5100,12
5200,7
5200,13
5200,13
5200,13
5200,11
5200,9
5200,5
5200,14
5200,9
5200,12
5200,12
5200,12
5200,13
5200,12
5200,13
5200,11
5200,13
5200,11
5200,11
5200,12
5200,12
5200,14
5200,10
5200,13
5200,13
5200,12
5200,10
5200,14
5200,12
5200,14
5200,10
5200,12
5200,12
5200,10
5200,13
5200,14
5200,13
5200,10
5200,12
5200,12
5200,12
5200,11
5200,12
5200,13
5200,13
5200,12
5200,13
5200,11
5200,13
5200,13
5200,9
5200,12
5200,13
5200,12
5200,12
5200,11
5200,12
5200,8
5200,10
5200,11
5200,9
5200,12
5200,12
5200,9
5200,10
5200,11
5200,9
5200,13
5200,10
5200,13
5200,12
5200,13
5200,9
5200,13
5200,13
5200,11
5200,9
5200,14
5200,13
5200,13
5300,12
5300,11
5300,11
5300,10
5300,12
5300,13
5300,14
5300,13
5300,14
5300,12
5300,9
5300,12
5300,12
5300,13
5300,12
5300,14
5300,14
5300,13
5300,10
5300,13
5300,10
5300,12
5300,11
5300,12
5300,12
5300,13
5300,8
5300,11
5300,12
5300,12
5300,12
5300,12
5300,12
5300,13
5300,12
5300,13
5300,13
5300,12
5300,12
5300,13
5300,12
5300,12
5300,10
5300,12
5300,11
5300,11
5300,12
5300,12
5300,11
5300,12
5300,13
5300,9
5300,13
5300,13
5300,11
5300,13
5300,13
5300,12
5300,11
5300,13
5300,12
5300,12
5300,13
5300,13
5300,14
5300,12
5300,12
5300,12
5300,12
5300,11
5300,9
5300,13
5300,12
5300,13
5300,14
5300,12
5300,12
5300,11
5300,14
5300,13
5400,9
5400,13
5400,12
5400,8
5400,13
5400,13
5400,13
5400,10
5400,12
5400,12
5400,10
5400,12
5400,14
5400,9
5400,8
5400,12
5400,12
5400,11
5400,11
5400,14
5400,13
5400,12
5400,10
5400,10
5400,14
5400,12
5400,11
5400,12
5400,10
5400,14
5400,12
5400,10
5400,10
5400,10
5400,10
5400,14
5400,8
5400,12
5400,12
5400,11
5400,13
5400,13
5400,13
5400,10
5400,11
5400,12
5400,13
5400,13
5400,9
5400,13
5400,13
5400,12
5400,15
5400,9
5400,14
5400,12
5400,8
5400,12
5400,13
5400,13
5400,10
5400,13
5400,14
5400,13
5400,12
5400,12
5400,13
5400,11
5400,12
5400,12
5400,9
5400,11
5400,14
5400,13
5400,9
5400,13
5400,13
5400,13
5400,13
5400,11
5500,11
5500,11
5500,13
5500,14
5500,10
5500,11
5500,9
5500,10
5500,11
5500,5
5500,12
5500,10
5500,11
5500,10
5500,14
5500,14
5500,11
5500,13
5500,10
5500,13
5500,14
5500,13
5500,10
5500,13
5500,12
5500,11
5500,12
5500,13
5500,10
5500,12
5500,12
5500,10
5500,14
5500,12
5500,12
5500,9
5500,13
5500,12
5500,14
5500,13
5500,12
5500,8
5500,14
5500,12
5500,9
5500,12
5500,13
5500,11
5500,11
5500,13
5500,8
5500,14
5500,9
5500,13
5500,12
5500,12
5500,14
5500,13
5500,12
5500,9
5500,11
5500,14
5500,13
5500,11
5500,11
5500,10
5500,12
5500,10
5500,11
5500,12
5500,12
5500,12
5500,13
5500,12
5500,13
5500,12
5500,9
5500,12
5500,10
5500,11
5600,13
5600,11
5600,11
5600,14
5600,13
5600,13
5600,12
5600,11
5600,13
5600,12
5600,15
5600,10
5600,12
5600,13
5600,9
5600,12
5600,11
5600,10
5600,13
5600,13
5600,12
5600,12
5600,13
5600,11
5600,13
5600,14
5600,12
5600,11
5600,11
5600,12
5600,13
5600,12
5600,11
5600,11
5600,12
5600,14
5600,14
5600,11
5600,12
5600,11
5600,15
5600,14
5600,14
5600,12
5600,14
5600,8
5600,11
5600,12
5600,11
5600,13
5600,12
5600,12
5600,12
5600,10
5600,11
5600,13
5600,12
5600,13
5600,13
5600,11
5600,14
5600,9
5600,13
5600,13
5600,11
5600,10
5600,13
5600,13
5600,12
5600,11
5600,10
5600,13
5600,13
5600,12
5600,11
5600,11
5600,12
5600,12
5600,12
5600,13
5700,12
5700,8
5700,13
5700,11
5700,12
5700,10
5700,13
5700,14
5700,14
5700,13
5700,7
5700,12
5700,12
5700,12
5700,11
5700,11
5700,11
5700,13
5700,13
5700,8
5700,12
5700,9
5700,13
5700,10
5700,12
5700,13
5700,9
5700,14
5700,14
5700,9
5700,13
5700,12
5700,12
5700,13
5700,12
5700,9
5700,13
5700,14
5700,11
5700,12
5700,13
5700,12
5700,11
5700,13
5700,12
5700,11
5700,10
5700,14
5700,12
5700,11
5700,14
5700,11
5700,13
5700,12
5700,11
5700,11
5700,9
5700,9
5700,13
5700,11
5700,12
5700,12
5700,9
5700,10
5700,14
5700,13
5700,12
5700,12
5700,13
5700,10
5700,12
5700,13
5700,8
5700,13
5700,13
5700,9
5700,13
5700,12
5700,12
5700,10
5800,10
5800,13
5800,13
5800,10
5800,14
5800,13
5800,15
5800,10
5800,11
5800,11
5800,14
5800,11
5800,13
5800,11
5800,10
5800,10
5800,10
5800,13
5800,13
5800,12
5800,12
5800,13
5800,12
5800,13
5800,13
5800,14
5800,12
5800,10
5800,14
5800,14
5800,9
5800,13
5800,14
5800,11
5800,13
5800,11
5800,13
5800,12
5800,14
5800,13
5800,9
5800,13
5800,11
5800,8
5800,14
5800,12
5800,13
5800,12
5800,14
5800,12
5800,11
5800,11
5800,10
5800,14
5800,11
5800,14
5800,10
5800,11
5800,12
5800,13
5800,14
5800,11
5800,14
5800,14
5800,12
5800,12
5800,11
5800,13
5800,9
5800,11
5800,14
5800,13
5800,13
5800,10
5800,12
5800,12
5800,12
5800,13
5800,12
5800,13
5900,7
5900,13
5900,13
5900,13
5900,14
5900,9
5900,12
5900,10
5900,13
5900,13
5900,12
5900,12
5900,13
5900,9
5900,14
5900,11
5900,14
5900,11
5900,11
5900,11
5900,13
5900,9
5900,14
5900,13
5900,11
5900,12
5900,11
5900,10
5900,13
5900,12
5900,12
5900,11
5900,12
5900,9
5900,12
5900,10
5900,14
5900,11
5900,13
5900,8
5900,12
5900,13
5900,9
5900,14
5900,12
5900,13
5900,10
5900,8
5900,11
5900,12
5900,12
5900,13
5900,14
5900,14
5900,13
5900,11
5900,13
5900,9
5900,12
5900,12
5900,12
5900,12
5900,12
5900,11
5900,11
5900,13
5900,13
5900,12
5900,9
5900,13
5900,13
5900,12
5900,13
5900,11
5900,13
5900,11
5900,13
5900,12
5900,12
5900,12
6000,14
6000,10
6000,13
6000,10
6000,12
6000,9
6000,12
6000,14
6000,13
6000,12
6000,12
6000,12
6000,12
6000,13
6000,13
6000,13
6000,12
6000,14
6000,9
6000,13
6000,12
6000,14
6000,11
6000,13
6000,11
6000,12
6000,12
6000,11
6000,13
6000,13
6000,13
6000,10
6000,10
6000,12
6000,12
6000,11
6000,13
6000,12
6000,11
6000,9
6000,14
6000,13
6000,14
6000,10
6000,12
6000,12
6000,13
6000,14
6000,14
6000,8
6000,13
6000,11
6000,15
6000,8
6000,11
6000,10
6000,9
6000,13
6000,9
6000,11
6000,12
6000,12
6000,13
6000,12
6000,10
6000,13
6000,14
6000,11
6000,12
6000,10
6000,12
6000,12
6000,12
6000,13
6000,13
6000,14
6000,11
6000,13
6000,14
6000,12
6100,13
6100,11
6100,15
6100,11
6100,12
6100,16
6100,11
6100,13
6100,9
6100,12
6100,13
6100,12
6100,11
6100,14
6100,12
6100,13
6100,13
6100,11
6100,12
6100,10
6100,11
6100,12
6100,13
6100,13
6100,10
6100,11
6100,12
6100,11
6100,12
6100,12
6100,14
6100,13
6100,10
6100,11
6100,12
6100,13
6100,13
6100,11
6100,12
6100,10
6100,10
6100,13
6100,13
6100,11
6100,11
6100,11
6100,12
6100,12
6100,12
6100,6
6100,10
6100,14
6100,11
6100,14
6100,13
6100,11
6100,11
6100,12
6100,11
6100,13
6100,11
6100,13
6100,11
6100,14
6100,10
6100,13
6100,11
6100,15
6100,12
6100,8
6100,12
6100,12
6100,10
6100,13
6100,12
6100,10
6100,12
6100,13
6100,12
6100,14
6200,10
6200,11
6200,14
6200,14
6200,14
6200,12
6200,12
6200,12
6200,12
6200,11
6200,14
6200,12
6200,12
6200,12
6200,13
6200,13
6200,7
6200,12
6200,13
6200,12
6200,12
6200,13
6200,12
6200,15
6200,13
6200,12
6200,11
6200,14
6200,11
6200,12
6200,14
6200,14
6200,16
6200,13
6200,9
6200,11
6200,13
6200,14
6200,10
6200,13
6200,14
6200,13
6200,13
6200,13
6200,12
6200,12
6200,13
6200,13
6200,12
6200,13
6200,15
6200,12
6200,11
6200,11
6200,12
6200,7
6200,11
6200,8
6200,12
6200,13
6200,12
6200,13
6200,14
6200,12
6200,11
6200,10
6200,13
6200,13
6200,14
6200,12
6200,8
6200,12
6200,12
6200,15
6200,15
6200,12
6200,10
6200,11
6200,11
6200,15
6300,12
6300,13
6300,11
6300,12
6300,12
6300,11
6300,13
6300,13
6300,13
6300,13
6300,10
6300,14
6300,11
6300,12
6300,14
6300,10
6300,11
6300,14
6300,8
6300,10
6300,14
6300,14
6300,12
6300,13
6300,14
6300,12
6300,12
6300,12
6300,9
6300,13
6300,10
6300,9
6300,13
6300,13
6300,13
6300,12
6300,8
6300,10
6300,13
6300,13
6300,12
6300,12
6300,11
6300,12
6300,13
6300,12
6300,10
6300,13
6300,12
6300,13
6300,13
6300,13
6300,14
6300,12
6300,9
6300,9
6300,13
6300,13
6300,10
6300,14
6300,14
6300,15
6300,13
6300,13
6300,13
6300,11
6300,12
6300,13
6300,10
6300,13
6300,12
6300,12
6300,13
6300,13
6300,9
6300,12
6300,14
6300,14
6300,10
6300,12
6400,11
6400,11
6400,15
6400,13
6400,14
6400,13
6400,15
6400,11
6400,13
6400,10
6400,13
6400,13
6400,9
6400,14
6400,11
6400,11
6400,13
6400,11
6400,13
6400,13
6400,14
6400,10
6400,12
6400,12
6400,13
6400,12
6400,11
6400,13
6400,13
6400,13
6400,10
6400,14
6400,13
6400,11
6400,12
6400,9
6400,11
6400,11
6400,13
6400,12
6400,12
6400,12
6400,13
6400,13
6400,5
6400,15
6400,13
6400,13
6400,13
6400,13
6400,10
6400,12
6400,13
6400,13
6400,11
6400,15
6400,10
6400,10
6400,13
6400,14
6400,14
6400,12
6400,12
6400,13
6400,11
6400,12
6400,14
6400,14
6400,14
6400,13
6400,12
6400,13
6400,13
6400,12
6400,11
6400,13
6400,9
6400,13
6400,9
6400,13
6500,12
6500,13
6500,13
6500,13
6500,14
6500,13
6500,13
6500,14
6500,13
6500,12
6500,11
6500,11
6500,14
6500,12
6500,13
6500,11
6500,13
6500,8
6500,10
6500,9
6500,12
6500,10
6500,13
6500,12
6500,13
6500,13
6500,12
6500,12
6500,12
6500,10
6500,14
6500,13
6500,13
6500,12
6500,14
6500,15
6500,11
6500,14
6500,14
6500,13
6500,11
6500,11
6500,14
6500,12
6500,11
6500,13
6500,14
6500,9
6500,11
6500,15
6500,12
6500,8
6500,11
6500,13
6500,13
6500,13
6500,10
6500,11
6500,12
6500,14
6500,13
6500,13
6500,11
6500,14
6500,11
6500,10
6500,14
6500,12
6500,12
6500,11
6500,9
6500,13
6500,13
6500,13
6500,12
6500,14
6500,10
6500,13
6500,12
6500,12
6600,14
6600,13
6600,10
6600,10
6600,10
6600,14
6600,14
6600,10
6600,13
6600,11
6600,15
6600,13
6600,8
6600,9
6600,13
6600,9
6600,12
6600,13
6600,12
6600,12
6600,15
6600,12
6600,11
6600,11
6600,12
6600,14
6600,8
6600,11
6600,14
6600,15
6600,14
6600,13
6600,14
6600,11
6600,13
6600,11
6600,15
6600,9
6600,13
6600,13
6600,9
6600,9
6600,11
6600,11
6600,13
6600,13
6600,10
6600,12
6600,14
6600,11
6600,11
6600,12
6600,12
6600,13
6600,12
6600,11
6600,14
6600,14
6600,13
6600,13
6600,14
6600,14
6600,10
6600,13
6600,14
6600,13
6600,11
6600,13
6600,10
6600,12
6600,10
6600,10
6600,14
6600,11
6600,13
6600,12
6600,14
6600,14
6600,13
6600,14
6700,10
6700,13
6700,11
6700,14
6700,12
6700,9
6700,10
6700,7
6700,8
6700,11
6700,13
6700,11
6700,14
6700,8
6700,13
6700,11
6700,13
6700,9
6700,10
6700,13
6700,12
6700,10
6700,14
6700,13
6700,11
6700,11
6700,12
6700,9
6700,15
6700,13
6700,13
6700,12
6700,10
6700,13
6700,13
6700,14
6700,13
6700,13
6700,15
6700,12
6700,11
6700,15
6700,3
6700,13
6700,12
6700,14
6700,12
6700,13
6700,12
6700,12
6700,13
6700,12
6700,10
6700,11
6700,11
6700,11
6700,13
6700,12
6700,13
6700,12
6700,13
6700,12
6700,11
6700,12
6700,13
6700,13
6700,13
6700,13
6700,13
6700,14
6700,13
6700,10
6700,12
6700,13
6700,14
6700,12
6700,12
6700,12
6700,13
6700,11
6800,11
6800,11
6800,12
6800,14
6800,14
6800,12
6800,14
6800,11
6800,14
6800,6
6800,13
6800,11
6800,14
6800,9
6800,11
6800,14
6800,7
6800,11
6800,12
6800,13
6800,13
6800,11
6800,14
6800,12
6800,11
6800,14
6800,14
6800,10
6800,12
6800,12
6800,13
6800,9
6800,12
6800,8
6800,12
6800,13
6800,10
6800,14
6800,13
6800,9
6800,12
6800,13
6800,11
6800,13
6800,9
6800,12
6800,13
6800,10
6800,11
6800,10
6800,13
6800,13
6800,12
6800,11
6800,11
6800,14
6800,14
6800,12
6800,13
6800,13
6800,12
6800,12
6800,13
6800,12
6800,11
6800,13
6800,9
6800,13
6800,13
6800,10
6800,13
6800,12
6800,10
6800,13
6800,12
6800,13
6800,13
6800,13
6800,10
6800,14
6900,11
6900,14
6900,12
6900,11
6900,13
6900,12
6900,11
6900,12
6900,12
6900,10
6900,13
6900,15
6900,13
6900,12
6900,15
6900,13
6900,13
6900,8
6900,13
6900,9
6900,11
6900,12
6900,14
6900,14
6900,12
6900,15
6900,12
6900,10
6900,13
6900,11
6900,11
6900,12
6900,11
6900,13
6900,10
6900,11
6900,11
6900,13
6900,12
6900,13
6900,14
6900,15
6900,15
6900,12
6900,14
6900,11
6900,10
6900,13
6900,11
6900,5
6900,13
6900,13
6900,11
6900,13
6900,14
6900,11
6900,14
6900,13
6900,12
6900,13
6900,13
6900,12
6900,8
6900,14
6900,12
6900,12
6900,12
6900,13
6900,13
6900,13
6900,9
6900,12
6900,12
6900,12
6900,9
6900,12
6900,13
6900,11
6900,14
6900,13
7000,12
7000,14
7000,10
7000,13
7000,13
7000,13
7000,13
7000,10
7000,9
7000,12
7000,14
7000,10
7000,14
7000,11
7000,13
7000,14
7000,13
7000,15
7000,12
7000,10
7000,14
7000,11
7000,12
7000,12
7000,14
7000,8
7000,13
7000,13
7000,13
7000,12
7000,13
7000,12
7000,14
7000,12
7000,10
7000,12
7000,12
7000,12
7000,12
7000,13
7000,12
7000,12
7000,13
7000,11
7000,12
7000,15
7000,13
7000,13
7000,12
7000,12
7000,13
7000,14
7000,11
7000,11
7000,13
7000,11
7000,13
7000,13
7000,11
7000,10
7000,12
7000,14
7000,14
7000,9
7000,12
7000,13
7000,13
7000,13
7000,13
7000,12
7000,13
7000,11
7000,13
7000,11
7000,12
7000,13
7000,10
7000,12
7000,13
7000,13
7100,13
7100,12
7100,11
7100,13
7100,8
7100,11
7100,13
7100,13
7100,13
7100,13
7100,13
7100,13
7100,11
7100,13
7100,13
7100,11
7100,14
7100,13
7100,13
7100,12
7100,14
7100,13
7100,12
7100,13
7100,12
7100,13
7100,14
7100,14
7100,13
7100,11
7100,10
7100,12
7100,11
7100,14
7100,13
7100,11
7100,13
7100,13
7100,13
7100,13
7100,10
7100,14
7100,13
7100,13
7100,14
7100,13
7100,14
7100,13
7100,13
7100,13
7100,12
7100,12
7100,11
7100,12
7100,14
7100,8
7100,9
7100,11
7100,8
7100,13
7100,13
7100,13
7100,12
7100,14
7100,14
7100,12
7100,11
7100,13
7100,10
7100,13
7100,14
7100,14
7100,12
7100,11
7100,12
7100,13
7100,14
7100,11
7100,10
7100,13
7200,12
7200,12
7200,14
7200,12
7200,13
7200,14
7200,12
7200,12
7200,12
7200,13
7200,13
7200,12
7200,12
7200,12
7200,12
7200,12
7200,14
7200,12
7200,11
7200,13
7200,12
7200,14
7200,11
7200,9
7200,11
7200,11
7200,11
7200,13
7200,15
7200,15
7200,14
7200,12
7200,14
7200,12
7200,12
7200,13
7200,14
7200,12
7200,14
7200,13
7200,12
7200,13
7200,12
7200,11
7200,13
7200,13
7200,13
7200,14
7200,13
7200,7
7200,14
7200,10
7200,14
7200,12
7200,14
7200,13
7200,13
7200,9
7200,11
7200,12
7200,12
7200,12
7200,12
7200,11
7200,13
7200,10
7200,11
7200,11
7200,11
7200,14
7200,12
7200,11
7200,13
7200,9
7200,13
7200,14
7200,12
7200,13
7200,11
7200,13
7300,13
7300,13
7300,13
7300,14
7300,14
7300,13
7300,13
7300,13
7300,13
7300,13
7300,14
7300,10
7300,12
7300,13
7300,11
7300,14
7300,11
7300,12
7300,12
7300,11
7300,12
7300,11
7300,12
7300,11
7300,13
7300,12
7300,10
7300,14
7300,10
7300,13
7300,14
7300,12
7300,13
7300,13
7300,12
7300,13
7300,11
7300,9
7300,12
7300,13
7300,14
7300,14
7300,9
7300,13
7300,13
7300,13
7300,11
7300,13
7300,13
7300,11
7300,12
7300,7
7300,10
7300,13
7300,12
7300,14
7300,13
7300,14
7300,14
7300,14
7300,12
7300,13
7300,13
7300,10
7300,12
7300,13
7300,11
7300,11
7300,11
7300,14
7300,12
7300,14
7300,9
7300,13
7300,11
7300,14
7300,13
7300,12
7300,13
7300,13
7400,11
7400,13
7400,8
7400,12
7400,12
7400,13
7400,12
7400,12
7400,12
7400,13
7400,12
7400,12
7400,13
7400,13
7400,12
7400,9
7400,13
7400,11
7400,12
7400,13
7400,9
7400,13
7400,7
7400,13
7400,12
7400,13
7400,13
7400,14
7400,15
7400,11
7400,14
7400,8
7400,13
7400,13
7400,11
7400,10
7400,15
7400,11
7400,13
7400,8
7400,11
7400,10
7400,12
7400,13
7400,12
7400,13
7400,11
7400,14
7400,7
7400,13
7400,10
7400,13
7400,11
7400,13
7400,12
7400,12
7400,13
7400,14
7400,14
7400,12
7400,12
7400,11
7400,14
7400,13
7400,14
7400,12
7400,12
7400,13
7400,13
7400,12
7400,13
7400,14
7400,12
7400,13
7400,5
7400,13
7400,13
7400,11
7400,13
7400,13
7500,11
7500,12
7500,9
7500,13
7500,14
7500,12
7500,13
7500,10
7500,15
7500,11
7500,13
7500,11
7500,12
7500,14
7500,12
7500,9
7500,12
7500,13
7500,14
7500,15
7500,14
7500,13
7500,12
7500,16
7500,10
7500,13
7500,10
7500,15
7500,13
7500,10
7500,12
7500,14
7500,12
7500,12
7500,13
7500,14
7500,13
7500,13
7500,14
7500,10
7500,11
7500,12
7500,13
7500,13
7500,12
7500,12
7500,13
7500,12
7500,10
7500,12
7500,11
7500,7
7500,13
7500,12
7500,8
7500,13
7500,14
7500,14
7500,14
7500,15
7500,9
7500,11
7500,14
7500,13
7500,15
7500,12
7500,12
7500,13
7500,11
7500,12
7500,14
7500,8
7500,13
7500,11
7500,13
7500,12
7500,14
7500,14
7500,13
7500,14
7600,10
7600,8
7600,9
7600,13
7600,12
7600,13
7600,13
7600,11
7600,14
7600,12
7600,13
7600,14
7600,13
7600,12
7600,10
7600,15
7600,13
7600,14
7600,15
7600,6
7600,12
7600,13
7600,12
7600,13
7600,13
7600,13
7600,14
7600,12
7600,8
7600,10
7600,14
7600,11
7600,12
7600,14
7600,15
7600,13
7600,10
7600,10
7600,9
7600,11
7600,12
7600,13
7600,11
7600,13
7600,11
7600,9
7600,11
7600,9
7600,9
7600,14
7600,13
7600,11
7600,11
7600,11
7600,12
7600,13
7600,14
7600,13
7600,14
7600,12
7600,12
7600,14
7600,12
7600,13
7600,13
7600,14
7600,12
7600,13
7600,14
7600,11
7600,15
7600,10
7600,14
7600,9
7600,12
7600,12
7600,11
7600,12
7600,13
7600,12
7700,13
7700,12
7700,13
7700,9
7700,9
7700,10
7700,13
7700,12
7700,12
7700,13
7700,14
7700,13
7700,13
7700,11
7700,10
7700,6
7700,12
7700,13
7700,12
7700,6
7700,13
7700,15
7700,10
7700,8
7700,12
7700,11
7700,12
7700,14
7700,15
7700,13
7700,13
7700,11
7700,12
7700,13
7700,14
7700,12
7700,13
7700,12
7700,12
7700,6
7700,13
7700,11
7700,15
7700,10
7700,13
7700,12
7700,13
7700,13
7700,9
7700,13
7700,11
7700,13
7700,14
7700,13
7700,13
7700,11
7700,11
7700,10
7700,12
7700,13
7700,12
7700,13
7700,13
7700,13
7700,12
7700,13
7700,12
7700,13
7700,10
7700,12
7700,11
7700,12
7700,13
7700,13
7700,13
7700,9
7700,14
7700,13
7700,14
7700,10
7800,13
7800,12
7800,12
7800,15
7800,13
7800,13
7800,11
7800,11
7800,12
7800,14
7800,14
7800,14
7800,13
7800,13
7800,12
7800,14
7800,14
7800,13
7800,13
7800,12
7800,14
7800,13
7800,13
7800,14
7800,12
7800,10
7800,12
7800,14
7800,14
7800,11
7800,12
7800,12
7800,12
7800,11
7800,12
7800,14
7800,10
7800,13
7800,15
7800,11
7800,13
7800,15
7800,14
7800,14
7800,11
7800,13
7800,14
7800,12
7800,10
7800,13
7800,12
7800,14
7800,12
7800,15
7800,12
7800,13
7800,12
7800,12
7800,13
7800,10
7800,12
7800,12
7800,13
7800,13
7800,15
7800,13
7800,13
7800,14
7800,12
7800,14
7800,13
7800,14
7800,13
7800,11
7800,10
7800,13
7800,13
7800,13
7800,13
7800,12
7900,13
7900,10
7900,13
7900,11
7900,14
7900,12
7900,13
7900,13
7900,12
7900,12
7900,12
7900,13
7900,13
7900,13
7900,10
7900,14
7900,12
7900,10
7900,13
7900,12
7900,13
7900,14
7900,14
7900,13
7900,11
7900,12
7900,12
7900,10
7900,10
7900,12
7900,11
7900,13
7900,10
7900,12
7900,13
7900,13
7900,15
7900,11
7900,11
7900,10
7900,13
7900,13
7900,12
7900,10
7900,13
7900,11
7900,13
7900,11
7900,13
7900,13
7900,13
7900,14
7900,9
7900,13
7900,14
7900,10
7900,13
7900,11
7900,9
7900,14
7900,12
7900,16
7900,14
7900,13
7900,12
7900,12
7900,12
7900,10
7900,11
7900,12
7900,10
7900,12
7900,11
7900,13
7900,13
7900,12
7900,12
7900,14
7900,14
7900,10
8000,9
8000,13
8000,14
8000,15
8000,14
8000,13
8000,12
8000,14
8000,11
8000,13
8000,10
8000,14
8000,13
8000,12
8000,12
8000,13
8000,12
8000,13
8000,14
8000,12
8000,14
8000,11
8000,12
8000,14
8000,14
8000,12
8000,12
8000,13
8000,13
8000,13
8000,9
8000,5
8000,13
8000,14
8000,12
8000,11
8000,15
8000,13
8000,13
8000,11
8000,13
8000,11
8000,13
8000,12
8000,12
8000,14
8000,10
8000,10
8000,11
8000,12
8000,12
8000,13
8000,13
8000,12
8000,15
8000,13
8000,11
8000,12
8000,8
8000,12
8000,14
8000,13
8000,11
8000,14
8000,12
8000,11
8000,14
8000,13
8000,11
8000,12
8000,14
8000,15
8000,13
8000,15
8000,9
8000,10
8000,13
8000,10
8000,13
8000,15
8100,13
8100,10
8100,12
8100,12
8100,13
8100,12
8100,13
8100,3
8100,5
8100,12
8100,12
8100,10
8100,14
8100,11
8100,13
8100,15
8100,13
8100,14
8100,13
8100,13
8100,12
8100,13
8100,14
8100,14
8100,14
8100,12
8100,14
8100,13
8100,14
8100,10
8100,10
8100,14
8100,13
8100,13
8100,15
8100,14
8100,10
8100,12
8100,11
8100,13
8100,13
8100,13
8100,13
8100,12
8100,13
8100,12
8100,14
8100,14
8100,11
8100,13
8100,14
8100,13
8100,12
8100,12
8100,12
8100,8
8100,14
8100,9
8100,13
8100,13
8100,13
8100,9
8100,14
8100,13
8100,13
8100,12
8100,10
8100,12
8100,12
8100,13
8100,13
8100,11
8100,13
8100,6
8100,14
8100,13
8100,15
8100,13
8100,11
8100,13
8200,11
8200,13
8200,12
8200,7
8200,12
8200,13
8200,12
8200,11
8200,13
8200,13
8200,11
8200,6
8200,7
8200,11
8200,10
8200,14
8200,15
8200,10
8200,13
8200,13
8200,14
8200,14
8200,12
8200,13
8200,11
8200,11
8200,13
8200,12
8200,9
8200,13
8200,15
8200,11
8200,13
8200,9
8200,13
8200,13
8200,11
8200,13
8200,12
8200,13
8200,13
8200,11
8200,15
8200,14
8200,14
8200,12
8200,13
8200,13
8200,11
8200,11
8200,12
8200,12
8200,12
8200,11
8200,11
8200,13
8200,14
8200,13
8200,13
8200,13
8200,12
8200,12
8200,10
8200,12
8200,14
8200,11
8200,12
8200,14
8200,13
8200,14
8200,14
8200,13
8200,11
8200,11
8200,13
8200,9
8200,14
8200,12
8200,13
8200,12
8300,10
8300,13
8300,12
8300,11
8300,11
8300,11
8300,12
8300,12
8300,10
8300,15
8300,12
8300,10
8300,13
8300,13
8300,12
8300,11
8300,13
8300,13
8300,10
8300,13
8300,12
8300,13
8300,14
8300,12
8300,13
8300,12
8300,8
8300,12
8300,10
8300,11
8300,14
8300,13
8300,12
8300,12
8300,13
8300,10
8300,12
8300,10
8300,7
8300,11
8300,11
8300,12
8300,13
8300,11
8300,11
8300,12
8300,14
8300,13
8300,15
8300,14
8300,14
8300,12
8300,11
8300,11
8300,8
8300,13
8300,9
8300,11
8300,11
8300,13
8300,13
8300,11
8300,12
8300,12
8300,14
8300,6
8300,10
8300,13
8300,13
8300,12
8300,12
8300,12
8300,12
8300,13
8300,14
8300,12
8300,13
8300,13
8300,12
8300,13
8400,11
8400,13
8400,10
8400,15
8400,12
8400,11
8400,11
8400,14
8400,12
8400,13
8400,14
8400,13
8400,14
8400,13
8400,13
8400,11
8400,14
8400,14
8400,11
8400,14
8400,11
8400,9
8400,12
8400,13
8400,11
8400,11
8400,12
8400,14
8400,13
8400,11
8400,12
8400,12
8400,13
8400,14
8400,12
8400,12
8400,9
8400,12
8400,10
8400,11
8400,12
8400,14
8400,11
8400,13
8400,13
8400,12
8400,12
8400,13
8400,10
8400,11
8400,11
8400,13
8400,10
8400,10
8400,11
8400,11
8400,13
8400,14
8400,14
8400,13
8400,13
8400,12
8400,11
8400,13
8400,13
8400,11
8400,14
8400,13
8400,10
8400,14
8400,13
8400,12
8400,12
8400,9
8400,11
8400,15
8400,13
8400,14
8400,10
8400,9
8500,14
8500,14
8500,14
8500,13
8500,10
8500,11
8500,12
8500,15
8500,15
8500,14
8500,14
8500,14
8500,13
8500,15
8500,14
8500,15
8500,14
8500,14
8500,13
8500,12
8500,14
8500,14
8500,15
8500,10
8500,14
8500,12
8500,12
8500,11
8500,13
8500,14
8500,12
8500,10
8500,11
8500,12
8500,12
8500,12
8500,13
8500,11
8500,13
8500,13
8500,15
8500,13
8500,12
8500,12
8500,13
8500,13
8500,11
8500,9
8500,13
8500,13
8500,12
8500,14
8500,11
8500,14
8500,12
8500,14
8500,12
8500,12
8500,14
8500,13
8500,14
8500,14
8500,14
8500,12
8500,11
8500,14
8500,12
8500,12
8500,10
8500,13
8500,12
8500,10
8500,12
8500,12
8500,10
8500,13
8500,10
8500,14
8500,8
8500,13
8600,14
8600,14
8600,15
8600,14
8600,11
8600,14
8600,13
8600,12
8600,10
8600,10
8600,13
8600,12
8600,11
8600,13
8600,12
8600,12
8600,13
8600,13
8600,14
8600,11
8600,12
8600,14
8600,13
8600,14
8600,12
8600,12
8600,13
8600,9
8600,11
8600,14
8600,14
8600,15
8600,12
8600,11
8600,12
8600,15
8600,13
8600,11
8600,13
8600,10
8600,13
8600,12
8600,14
8600,13
8600,12
8600,13
8600,11
8600,13
8600,13
8600,11
8600,13
8600,12
8600,12
8600,12
8600,13
8600,15
8600,15
8600,12
8600,12
8600,13
8600,11
8600,12
8600,9
8600,13
8600,10
8600,12
8600,12
8600,11
8600,12
8600,14
8600,12
8600,12
8600,13
8600,11
8600,11
8600,11
8600,8
8600,12
8600,14
8600,12
8700,12
8700,14
8700,14
8700,14
8700,14
8700,10
8700,14
8700,11
8700,14
8700,14
8700,13
8700,12
8700,4
8700,12
8700,14
8700,12
8700,11
8700,14
8700,15
8700,12
8700,12
8700,8
8700,14
8700,11
8700,13
8700,11
8700,14
8700,15
8700,13
8700,10
8700,8
8700,14
8700,13
8700,12
8700,13
8700,13
8700,13
8700,13
8700,13
8700,13
8700,12
8700,12
8700,15
8700,13
8700,14
8700,13
8700,11
8700,15
8700,12
8700,13
8700,12
8700,12
8700,15
8700,13
8700,12
8700,13
8700,13
8700,14
8700,14
8700,13
8700,11
8700,12
8700,12
8700,11
8700,12
8700,11
8700,13
8700,12
8700,14
8700,13
8700,11
8700,12
8700,12
8700,11
8700,12
8700,12
8700,15
8700,14
8700,13
8700,13
8800,12
8800,14
8800,15
8800,11
8800,13
8800,14
8800,13
8800,12
8800,14
8800,14
8800,11
8800,6
8800,12
8800,12
8800,12
8800,12
8800,13
8800,13
8800,11
8800,7
8800,12
8800,13
8800,13
8800,14
8800,14
8800,14
8800,13
8800,12
8800,13
8800,15
8800,12
8800,14
8800,14
8800,14
8800,12
8800,15
8800,11
8800,13
8800,14
8800,14
8800,14
8800,13
8800,12
8800,11
8800,11
8800,13
8800,13
8800,13
8800,2
8800,12
8800,11
8800,13
8800,13
8800,14
8800,11
8800,11
8800,11
8800,8
8800,11
8800,12
8800,12
8800,13
8800,12
8800,14
8800,12
8800,13
8800,9
8800,15
8800,14
8800,15
8800,14
8800,10
8800,13
8800,13
8800,14
8800,13
8800,13
8800,14
8800,14
8800,13
8900,12
8900,14
8900,14
8900,13
8900,15
8900,11
8900,13
8900,12
8900,13
8900,12
8900,13
8900,11
8900,11
8900,13
8900,13
8900,12
8900,12
8900,10
8900,13
8900,13
8900,13
8900,11
8900,14
8900,14
8900,12
8900,14
8900,11
8900,13
8900,13
8900,13
8900,15
8900,14
8900,10
8900,13
8900,11
8900,11
8900,13
8900,12
8900,14
8900,12
8900,15
8900,9
8900,13
8900,13
8900,13
8900,14
8900,11
8900,12
8900,15
8900,13
8900,12
8900,13
8900,13
8900,9
8900,11
8900,12
8900,14
8900,13
8900,14
8900,8
8900,13
8900,13
8900,13
8900,13
8900,14
8900,12
8900,11
8900,11
8900,15
8900,11
8900,12
8900,13
8900,12
8900,13
8900,12
8900,13
8900,10
8900,13
8900,14
8900,9
9000,14
9000,12
9000,10
9000,13
9000,13
9000,13
9000,12
9000,12
9000,15
9000,14
9000,14
9000,15
9000,15
9000,13
9000,7
9000,14
9000,12
9000,12
9000,8
9000,13
9000,15
9000,15
9000,14
9000,15
9000,13
9000,11
9000,11
9000,13
9000,13
9000,14
9000,12
9000,13
9000,13
9000,13
9000,12
9000,13
9000,13
9000,14
9000,9
9000,13
9000,14
9000,14
9000,12
9000,9
9000,14
9000,13
9000,12
9000,9
9000,11
9000,13
9000,10
9000,13
9000,14
9000,13
9000,12
9000,14
9000,12
9000,12
9000,12
9000,14
9000,10
9000,7
9000,13
9000,12
9000,13
9000,10
9000,13
9000,14
9000,12
9000,12
9000,10
9000,12
9000,13
9000,13
9000,14
9000,13
9000,11
9000,13
9000,10
9000,14
9100,13
9100,10
9100,13
9100,12
9100,12
9100,12
9100,13
9100,15
9100,8
9100,14
9100,9
9100,12
9100,15
9100,14
9100,8
9100,12
9100,10
9100,13
9100,10
9100,11
9100,12
9100,13
9100,14
9100,12
9100,13
9100,14
9100,12
9100,11
9100,11
9100,14
9100,13
9100,15
9100,13
9100,13
9100,13
9100,10
9100,12
9100,14
9100,12
9100,13
9100,13
9100,13
9100,12
9100,7
9100,11
9100,14
9100,14
9100,14
9100,13
9100,14
9100,11
9100,12
9100,14
9100,12
9100,10
9100,15
9100,14
9100,10
9100,13
9100,13
9100,13
9100,12
9100,12
9100,12
9100,12
9100,14
9100,11
9100,8
9100,14
9100,13
9100,14
9100,9
9100,14
9100,13
9100,12
9100,12
9100,13
9100,13
9100,13
9100,12
9200,12
9200,14
9200,13
9200,14
9200,13
9200,14
9200,15
9200,14
9200,13
9200,13
9200,14
9200,14
9200,11
9200,13
9200,14
9200,14
9200,16
9200,13
9200,12
9200,11
9200,14
9200,9
9200,12
9200,15
9200,12
9200,13
9200,12
9200,11
9200,12
9200,12
9200,14
9200,13
9200,15
9200,15
9200,11
9200,15
9200,11
9200,13
9200,13
9200,13
9200,15
9200,11
9200,10
9200,13
9200,12
9200,12
9200,13
9200,13
9200,12
9200,15
9200,14
9200,14
9200,14
9200,14
9200,13
9200,13
9200,14
9200,11
9200,11
9200,12
9200,11
9200,9
9200,15
9200,10
9200,12
9200,13
9200,13
9200,13
9200,7
9200,11
9200,11
9200,13
9200,13
9200,13
9200,14
9200,14
9200,13
9200,16
9200,12
9200,14
9300,13
9300,11
9300,12
9300,13
9300,13
9300,14
9300,11
9300,12
9300,10
9300,11
9300,13
9300,14
9300,15
9300,12
9300,10
9300,10
9300,12
9300,12
9300,12
9300,14
9300,15
9300,13
9300,12
9300,12
9300,12
9300,12
9300,13
9300,13
9300,13
9300,11
9300,10
9300,12
9300,12
9300,13
9300,12
9300,12
9300,12
9300,13
9300,11
9300,12
9300,14
9300,9
9300,11
9300,11
9300,12
9300,15
9300,10
9300,12
9300,11
9300,9
9300,13
9300,12
9300,13
9300,11
9300,14
9300,15
9300,10
9300,12
9300,13
9300,10
9300,11
9300,12
9300,12
9300,10
9300,13
9300,12
9300,14
9300,12
9300,12
9300,11
9300,13
9300,11
9300,12
9300,11
9300,13
9300,15
9300,7
9300,10
9300,13
9300,10
9400,14
9400,13
9400,10
9400,13
9400,11
9400,13
9400,11
9400,9
9400,14
9400,14
9400,13
9400,13
9400,13
9400,14
9400,12
9400,12
9400,15
9400,13
9400,15
9400,13
9400,13
9400,13
9400,15
9400,14
9400,11
9400,10
9400,14
9400,13
9400,9
9400,13
9400,14
9400,12
9400,9
9400,12
9400,13
9400,13
9400,14
9400,15
9400,14
9400,13
9400,14
9400,14
9400,12
9400,13
9400,10
9400,6
9400,14
9400,14
9400,14
9400,14
9400,8
9400,11
9400,14
9400,12
9400,11
9400,14
9400,13
9400,13
9400,15
9400,14
9400,9
9400,13
9400,13
9400,14
9400,11
9400,14
9400,14
9400,13
9400,12
9400,11
9400,11
9400,12
9400,13
9400,10
9400,10
9400,15
9400,10
9400,15
9400,11
9400,9
9500,11
9500,12
9500,12
9500,11
9500,13
9500,13
9500,14
9500,15
9500,13
9500,14
9500,15
9500,12
9500,12
9500,14
9500,14
9500,10
9500,14
9500,11
9500,14
9500,15
9500,11
9500,13
9500,9
9500,14
9500,14
9500,13
9500,13
9500,10
9500,13
9500,14
9500,13
9500,8
9500,12
9500,15
9500,9
9500,13
9500,12
9500,13
9500,14
9500,14
9500,11
9500,13
9500,7
9500,12
9500,12
9500,11
9500,13
9500,13
9500,14
9500,13
9500,12
9500,10
9500,15
9500,11
9500,14
9500,9
9500,13
9500,12
9500,15
9500,15
9500,14
9500,12
9500,14
9500,11
9500,11
9500,12
9500,14
9500,13
9500,14
9500,13
9500,10
9500,13
9500,14
9500,13
9500,15
9500,12
9500,9
9500,11
9500,6
9500,13
9600,12
9600,10
9600,14
9600,11
9600,12
9600,13
9600,11
9600,10
9600,15
9600,14
9600,15
9600,12
9600,14
9600,10
9600,14
9600,12
9600,14
9600,12
9600,15
9600,13
9600,9
9600,14
9600,15
9600,12
9600,15
9600,12
9600,13
9600,13
9600,11
9600,14
9600,11
9600,13
9600,15
9600,10
9600,12
9600,12
9600,14
9600,11
9600,14
9600,13
9600,12
9600,14
9600,15
9600,13
9600,13
9600,14
9600,14
9600,8
9600,12
9600,11
9600,13
9600,13
9600,10
9600,13
9600,15
9600,12
9600,15
9600,13
9600,14
9600,13
9600,14
9600,14
9600,12
9600,13
9600,10
9600,13
9600,14
9600,12
9600,13
9600,12
9600,15
9600,11
9600,8
9600,15
9600,14
9600,12
9600,12
9600,12
9600,11
9600,14
9700,13
9700,13
9700,14
9700,13
9700,13
9700,15
9700,14
9700,13
9700,15
9700,14
9700,13
9700,12
9700,12
9700,8
9700,14
9700,11
9700,14
9700,6
9700,15
9700,15
9700,13
9700,14
9700,13
9700,14
9700,12
9700,12
9700,14
9700,15
9700,13
9700,13
9700,13
9700,9
9700,12
9700,12
9700,12
9700,13
9700,13
9700,14
9700,12
9700,12
9700,9
9700,13
9700,13
9700,14
9700,8
9700,12
9700,13
9700,14
9700,12
9700,12
9700,14
9700,14
9700,10
9700,13
9700,14
9700,13
9700,11
9700,13
9700,14
9700,10
9700,13
9700,14
9700,13
9700,13
9700,12
9700,11
9700,12
9700,15
9700,14
9700,11
9700,12
9700,15
9700,14
9700,13
9700,12
9700,13
9700,12
9700,9
9700,15
9700,13
9800,13
9800,13
9800,12
9800,13
9800,11
9800,12
9800,12
9800,13
9800,15
9800,14
9800,13
9800,9
9800,12
9800,12
9800,12
9800,13
9800,12
9800,14
9800,13
9800,11
9800,15
9800,14
9800,11
9800,15
9800,14
9800,14
9800,13
9800,13
9800,12
9800,12
9800,14
9800,13
9800,12
9800,15
9800,9
9800,12
9800,13
9800,15
9800,12
9800,12
9800,12
9800,13
9800,14
9800,11
9800,14
9800,12
9800,14
9800,9
9800,10
9800,14
9800,13
9800,14
9800,13
9800,13
9800,15
9800,14
9800,13
9800,14
9800,12
9800,12
9800,11
9800,12
9800,11
9800,14
9800,13
9800,13
9800,13
9800,10
9800,14
9800,15
9800,15
9800,13
9800,7
9800,8
9800,15
9800,11
9800,12
9800,10
9800,11
9800,13
9900,15
9900,14
9900,10
9900,13
9900,13
9900,9
9900,12
9900,13
9900,16
9900,10
9900,15
9900,15
9900,12
9900,12
9900,14
9900,11
9900,12
9900,10
9900,15
9900,13
9900,11
9900,10
9900,14
9900,13
9900,12
9900,13
9900,12
9900,11
9900,14
9900,14
9900,13
9900,14
9900,12
9900,12
9900,13
9900,14
9900,12
9900,12
9900,14
9900,10
9900,9
9900,11
9900,7
9900,13
9900,13
9900,12
9900,15
9900,13
9900,15
9900,12
9900,13
9900,12
9900,13
9900,9
9900,11
9900,14
9900,11
9900,13
9900,13
9900,9
9900,15
9900,12
9900,14
9900,11
9900,15
9900,11
9900,14
9900,12
9900,11
9900,12
9900,14
9900,13
9900,11
9900,11
9900,14
9900,13
9900,13
9900,12
9900,14
9900,16
10000,14
10000,13
10000,11
10000,13
10000,9
10000,11
10000,13
10000,15
10000,10
10000,11
10000,14
10000,14
10000,12
10000,9
10000,12
10000,7
10000,14
10000,11
10000,12
10000,11
10000,14
10000,10
10000,12
10000,11
10000,11
10000,14
10000,11
10000,11
10000,15
10000,10
10000,13
10000,10
10000,12
10000,12
10000,14
10000,14
10000,14
10000,10
10000,14
10000,14
10000,14
10000,14
10000,10
10000,15
10000,11
10000,11
10000,12
10000,14
10000,12
10000,15
10000,13
10000,12
10000,12
10000,13
10000,12
10000,15
10000,13
10000,12
10000,14
10000,13
10000,10
10000,15
10000,15
10000,16
10000,14
10000,12
10000,15
10000,7
10000,12
10000,13
10000,13
10000,8
10000,14
10000,10
10000,11
10000,14
10000,12
10000,11
10000,13
10000,10
